<?xml version="1.0" encoding="UTF-8"?>
<GenRun Id="synth_1" LaunchPart="xc7z020clg484-1" LaunchTime="1751453224" LaunchIncrCheckpoint="$PSRCDIR/utils_1/imports/synth_1/top.dcp">
  <File Type="REPORTS-TCL" Name="top_reports.tcl"/>
  <File Type="RDS-UTIL" Name="top_utilization_synth.rpt"/>
  <File Type="RDS-UTIL-PB" Name="top_utilization_synth.pb"/>
  <File Type="PA-TCL" Name="top.tcl"/>
  <File Type="RDS-RDS" Name="top.vds"/>
  <File Type="RDS-DCP" Name="top.dcp"/>
  <FileSet Name="sources" Type="DesignSrcs" RelSrcDir="$PSRCDIR/sources_1" RelGenDir="$PGENDIR/sources_1">
    <Filter Type="Srcs"/>
    <File Path="$PSRCDIR/sources_1/imports/src/CPU/constants.vh">
      <FileInfo>
        <Attr Name="ImportPath" Val="$PPRDIR/../../GitHub/RiscYNew/RISCY_primer25k/src/CPU/constants.vh"/>
        <Attr Name="ImportTime" Val="1740322277"/>
        <Attr Name="UsedIn" Val="synthesis"/>
        <Attr Name="UsedIn" Val="simulation"/>
        <Attr Name="IsVisible" Val="1"/>
      </FileInfo>
    </File>
    <File Path="$PSRCDIR/sources_1/imports/src/config.vh">
      <FileInfo>
        <Attr Name="ImportPath" Val="$PPRDIR/../../GitHub/RiscYNew/RISCY_primer25k/src/config.vh"/>
        <Attr Name="ImportTime" Val="1740322277"/>
        <Attr Name="UsedIn" Val="synthesis"/>
        <Attr Name="UsedIn" Val="simulation"/>
        <Attr Name="IsVisible" Val="1"/>
      </FileInfo>
    </File>
    <File Path="$PSRCDIR/sources_1/imports/src/CPU/ALUCPU.v">
      <FileInfo>
        <Attr Name="ImportPath" Val="$PPRDIR/../../GitHub/RiscYNew/RISCY_primer25k/src/CPU/ALUCPU.v"/>
        <Attr Name="ImportTime" Val="1740322277"/>
        <Attr Name="UsedIn" Val="synthesis"/>
        <Attr Name="UsedIn" Val="implementation"/>
        <Attr Name="UsedIn" Val="simulation"/>
      </FileInfo>
    </File>
    <File Path="$PSRCDIR/sources_1/imports/src/InteruptControllers/CLINT.v">
      <FileInfo>
        <Attr Name="ImportPath" Val="$PPRDIR/../../GitHub/RiscYNew/RISCY_primer25k/src/InteruptControllers/CLINT.v"/>
        <Attr Name="ImportTime" Val="1736088590"/>
        <Attr Name="UsedIn" Val="synthesis"/>
        <Attr Name="UsedIn" Val="implementation"/>
        <Attr Name="UsedIn" Val="simulation"/>
      </FileInfo>
    </File>
    <File Path="$PSRCDIR/sources_1/imports/src/CPU/CSRFile.v">
      <FileInfo>
        <Attr Name="ImportPath" Val="$PPRDIR/../../GitHub/RiscYNew/RISCY_primer25k/src/CPU/CSRFile.v"/>
        <Attr Name="ImportTime" Val="1740322277"/>
        <Attr Name="UsedIn" Val="synthesis"/>
        <Attr Name="UsedIn" Val="implementation"/>
        <Attr Name="UsedIn" Val="simulation"/>
      </FileInfo>
    </File>
    <File Path="$PSRCDIR/sources_1/imports/src/Memories/DPBRAM.v">
      <FileInfo>
        <Attr Name="ImportPath" Val="$PPRDIR/../../GitHub/RiscYNew/RISCY_primer25k/src/Memories/DPBRAM.v"/>
        <Attr Name="ImportTime" Val="1736088590"/>
        <Attr Name="UsedIn" Val="synthesis"/>
        <Attr Name="UsedIn" Val="implementation"/>
        <Attr Name="UsedIn" Val="simulation"/>
      </FileInfo>
    </File>
    <File Path="$PSRCDIR/sources_1/imports/GPIO/PPU.v">
      <FileInfo>
        <Attr Name="ImportPath" Val="$PPRDIR/../../GitHub/RiscYNew/RISCY9k/src/GPIO/PPU.v"/>
        <Attr Name="ImportTime" Val="1736088590"/>
        <Attr Name="UsedIn" Val="synthesis"/>
        <Attr Name="UsedIn" Val="implementation"/>
        <Attr Name="UsedIn" Val="simulation"/>
      </FileInfo>
    </File>
    <File Path="$PSRCDIR/sources_1/imports/src/CPU/RegFile.v">
      <FileInfo>
        <Attr Name="ImportPath" Val="$PPRDIR/../../GitHub/RiscYNew/RISCY_primer25k/src/CPU/RegFile.v"/>
        <Attr Name="ImportTime" Val="1736009887"/>
        <Attr Name="UsedIn" Val="synthesis"/>
        <Attr Name="UsedIn" Val="implementation"/>
        <Attr Name="UsedIn" Val="simulation"/>
      </FileInfo>
    </File>
    <File Path="$PSRCDIR/sources_1/imports/src/CPU/SignExtendSelector.v">
      <FileInfo>
        <Attr Name="ImportPath" Val="$PPRDIR/../../GitHub/RiscYNew/RISCY_primer25k/src/CPU/SignExtendSelector.v"/>
        <Attr Name="ImportTime" Val="1736009887"/>
        <Attr Name="UsedIn" Val="synthesis"/>
        <Attr Name="UsedIn" Val="implementation"/>
        <Attr Name="UsedIn" Val="simulation"/>
      </FileInfo>
    </File>
    <File Path="$PPRDIR/../../Code/bram.v">
      <FileInfo>
        <Attr Name="UsedIn" Val="synthesis"/>
        <Attr Name="UsedIn" Val="implementation"/>
        <Attr Name="UsedIn" Val="simulation"/>
      </FileInfo>
    </File>
    <File Path="$PSRCDIR/sources_1/imports/src/Buses/bus.v">
      <FileInfo>
        <Attr Name="ImportPath" Val="$PPRDIR/../../GitHub/RiscYNew/RISCY_primer25k/src/Buses/bus.v"/>
        <Attr Name="ImportTime" Val="1740322277"/>
        <Attr Name="UsedIn" Val="synthesis"/>
        <Attr Name="UsedIn" Val="implementation"/>
        <Attr Name="UsedIn" Val="simulation"/>
      </FileInfo>
    </File>
    <File Path="$PSRCDIR/sources_1/imports/src/CPU/control_alu.v">
      <FileInfo>
        <Attr Name="ImportPath" Val="$PPRDIR/../../GitHub/RiscYNew/RISCY_primer25k/src/CPU/control_alu.v"/>
        <Attr Name="ImportTime" Val="1740322277"/>
        <Attr Name="UsedIn" Val="synthesis"/>
        <Attr Name="UsedIn" Val="implementation"/>
        <Attr Name="UsedIn" Val="simulation"/>
      </FileInfo>
    </File>
    <File Path="$PSRCDIR/sources_1/imports/src/CPU/control_branch.v">
      <FileInfo>
        <Attr Name="ImportPath" Val="$PPRDIR/../../GitHub/RiscYNew/RISCY_primer25k/src/CPU/control_branch.v"/>
        <Attr Name="ImportTime" Val="1736009887"/>
        <Attr Name="UsedIn" Val="synthesis"/>
        <Attr Name="UsedIn" Val="implementation"/>
        <Attr Name="UsedIn" Val="simulation"/>
      </FileInfo>
    </File>
    <File Path="$PSRCDIR/sources_1/imports/src/CPU/control_bypass_ex.v">
      <FileInfo>
        <Attr Name="ImportPath" Val="$PPRDIR/../../GitHub/RiscYNew/RISCY_primer25k/src/CPU/control_bypass_ex.v"/>
        <Attr Name="ImportTime" Val="1736802802"/>
        <Attr Name="UsedIn" Val="synthesis"/>
        <Attr Name="UsedIn" Val="implementation"/>
        <Attr Name="UsedIn" Val="simulation"/>
      </FileInfo>
    </File>
    <File Path="$PSRCDIR/sources_1/imports/src/CPU/control_main.v">
      <FileInfo>
        <Attr Name="ImportPath" Val="$PPRDIR/../../GitHub/RiscYNew/RISCY_primer25k/src/CPU/control_main.v"/>
        <Attr Name="ImportTime" Val="1736009887"/>
        <Attr Name="UsedIn" Val="synthesis"/>
        <Attr Name="UsedIn" Val="implementation"/>
        <Attr Name="UsedIn" Val="simulation"/>
      </FileInfo>
    </File>
    <File Path="$PSRCDIR/sources_1/imports/src/CPU/control_stall_id.v">
      <FileInfo>
        <Attr Name="ImportPath" Val="$PPRDIR/../../GitHub/RiscYNew/RISCY_primer25k/src/CPU/control_stall_id.v"/>
        <Attr Name="ImportTime" Val="1740322277"/>
        <Attr Name="UsedIn" Val="synthesis"/>
        <Attr Name="UsedIn" Val="implementation"/>
        <Attr Name="UsedIn" Val="simulation"/>
      </FileInfo>
    </File>
    <File Path="$PSRCDIR/sources_1/imports/src/CPU/cpu.v">
      <FileInfo>
        <Attr Name="ImportPath" Val="$PPRDIR/../../GitHub/RiscYNew/RISCY_primer25k/src/CPU/cpu.v"/>
        <Attr Name="ImportTime" Val="1740322277"/>
        <Attr Name="UsedIn" Val="synthesis"/>
        <Attr Name="UsedIn" Val="implementation"/>
        <Attr Name="UsedIn" Val="simulation"/>
      </FileInfo>
    </File>
    <File Path="$PSRCDIR/sources_1/imports/vga_zedboard-master/hsync.v">
      <FileInfo>
        <Attr Name="ImportPath" Val="$PPRDIR/../../../Downloads/vga_zedboard-master/vga_zedboard-master/hsync.v"/>
        <Attr Name="ImportTime" Val="1740321550"/>
        <Attr Name="UsedIn" Val="synthesis"/>
        <Attr Name="UsedIn" Val="implementation"/>
        <Attr Name="UsedIn" Val="simulation"/>
      </FileInfo>
    </File>
    <File Path="$PSRCDIR/sources_1/imports/src/CPU/mem_read_selector.v">
      <FileInfo>
        <Attr Name="ImportPath" Val="$PPRDIR/../../GitHub/RiscYNew/RISCY_primer25k/src/CPU/mem_read_selector.v"/>
        <Attr Name="ImportTime" Val="1736009887"/>
        <Attr Name="UsedIn" Val="synthesis"/>
        <Attr Name="UsedIn" Val="implementation"/>
        <Attr Name="UsedIn" Val="simulation"/>
      </FileInfo>
    </File>
    <File Path="$PSRCDIR/sources_1/imports/src/CPU/mem_write_selector.v">
      <FileInfo>
        <Attr Name="ImportPath" Val="$PPRDIR/../../GitHub/RiscYNew/RISCY_primer25k/src/CPU/mem_write_selector.v"/>
        <Attr Name="ImportTime" Val="1736009887"/>
        <Attr Name="UsedIn" Val="synthesis"/>
        <Attr Name="UsedIn" Val="implementation"/>
        <Attr Name="UsedIn" Val="simulation"/>
      </FileInfo>
    </File>
    <File Path="$PSRCDIR/sources_1/imports/src/Memories/memory.v">
      <FileInfo>
        <Attr Name="ImportPath" Val="$PPRDIR/../../GitHub/RiscYNew/RISCY_primer25k/src/Memories/memory.v"/>
        <Attr Name="ImportTime" Val="1736088590"/>
        <Attr Name="UsedIn" Val="synthesis"/>
        <Attr Name="UsedIn" Val="implementation"/>
        <Attr Name="UsedIn" Val="simulation"/>
      </FileInfo>
    </File>
    <File Path="$PSRCDIR/sources_1/imports/src/CPU/signExtend.v">
      <FileInfo>
        <Attr Name="ImportPath" Val="$PPRDIR/../../GitHub/RiscYNew/RISCY_primer25k/src/CPU/signExtend.v"/>
        <Attr Name="ImportTime" Val="1736009887"/>
        <Attr Name="UsedIn" Val="synthesis"/>
        <Attr Name="UsedIn" Val="implementation"/>
        <Attr Name="UsedIn" Val="simulation"/>
      </FileInfo>
    </File>
    <File Path="$PPRDIR/../../Code/simple_fsm.v">
      <FileInfo>
        <Attr Name="UsedIn" Val="synthesis"/>
        <Attr Name="UsedIn" Val="implementation"/>
        <Attr Name="UsedIn" Val="simulation"/>
      </FileInfo>
    </File>
    <File Path="$PSRCDIR/sources_1/imports/vga_zedboard-master/vsync.v">
      <FileInfo>
        <Attr Name="ImportPath" Val="$PPRDIR/../../../Downloads/vga_zedboard-master/vga_zedboard-master/vsync.v"/>
        <Attr Name="ImportTime" Val="1740321550"/>
        <Attr Name="UsedIn" Val="synthesis"/>
        <Attr Name="UsedIn" Val="implementation"/>
        <Attr Name="UsedIn" Val="simulation"/>
      </FileInfo>
    </File>
    <File Path="$PSRCDIR/sources_1/imports/src/soc.v">
      <FileInfo>
        <Attr Name="ImportPath" Val="$PPRDIR/../../GitHub/RiscYNew/RISCY_primer25k/src/soc.v"/>
        <Attr Name="ImportTime" Val="1740322277"/>
        <Attr Name="UsedIn" Val="synthesis"/>
        <Attr Name="UsedIn" Val="implementation"/>
        <Attr Name="UsedIn" Val="simulation"/>
      </FileInfo>
    </File>
    <File Path="$PSRCDIR/sources_1/imports/Memories/text.hex">
      <FileInfo>
        <Attr Name="ImportPath" Val="$PPRDIR/../../GitHub/RiscYNew/RISCY_primer25k/src/Memories/text.hex"/>
        <Attr Name="ImportTime" Val="1740322273"/>
      </FileInfo>
    </File>
    <File Path="$PSRCDIR/sources_1/imports/Memories/text.dat">
      <FileInfo>
        <Attr Name="ImportPath" Val="$PPRDIR/../RISCYZedboard/RISCYZedboard.srcs/sources_1/imports/Memories/text.dat"/>
        <Attr Name="ImportTime" Val="1740331441"/>
        <Attr Name="UsedIn" Val="synthesis"/>
        <Attr Name="UsedIn" Val="simulation"/>
      </FileInfo>
    </File>
    <File Path="$PSRCDIR/sources_1/textBramInitial.coe">
      <FileInfo>
        <Attr Name="ImportPath" Val="$PPRDIR/../RISCYZedboard/RISCYZedboard.srcs/sources_1/textBramInitial.coe"/>
        <Attr Name="ImportTime" Val="1740335622"/>
        <Attr Name="UsedIn" Val="synthesis"/>
        <Attr Name="UsedIn" Val="simulation"/>
      </FileInfo>
    </File>
    <Config>
      <Option Name="DesignMode" Val="RTL"/>
      <Option Name="TopModule" Val="top"/>
      <Option Name="TopAutoSet" Val="TRUE"/>
    </Config>
  </FileSet>
  <FileSet Name="constrs_in" Type="Constrs" RelSrcDir="$PSRCDIR/constrs_1" RelGenDir="$PGENDIR/constrs_1">
    <Filter Type="Constrs"/>
    <File Path="$PSRCDIR/constrs_1/imports/vga_zedboard-master/project_1.xdc">
      <FileInfo>
        <Attr Name="ImportPath" Val="$PPRDIR/../../../Downloads/vga_zedboard-master/vga_zedboard-master/project_1.xdc"/>
        <Attr Name="ImportTime" Val="1740321550"/>
        <Attr Name="UsedIn" Val="synthesis"/>
        <Attr Name="UsedIn" Val="implementation"/>
      </FileInfo>
    </File>
    <Config>
      <Option Name="ConstrsType" Val="XDC"/>
    </Config>
  </FileSet>
  <FileSet Name="utils" Type="Utils" RelSrcDir="$PSRCDIR/utils_1" RelGenDir="$PGENDIR/utils_1">
    <Filter Type="Utils"/>
    <File Path="$PSRCDIR/utils_1/imports/synth_1/top.dcp">
      <FileInfo>
        <Attr Name="ImportPath" Val="$PPRDIR/../RISCYZedboard/RISCYZedboard.srcs/utils_1/imports/synth_1/top.dcp"/>
        <Attr Name="ImportTime" Val="1740336326"/>
        <Attr Name="UsedIn" Val="synthesis"/>
        <Attr Name="UsedIn" Val="implementation"/>
        <Attr Name="UsedInSteps" Val="synth_1"/>
        <Attr Name="AutoDcp" Val="1"/>
      </FileInfo>
    </File>
    <Config>
      <Option Name="TopAutoSet" Val="TRUE"/>
    </Config>
  </FileSet>
  <Strategy Version="1" Minor="2">
    <StratHandle Name="Vivado Synthesis Defaults" Flow="Vivado Synthesis 2023"/>
    <Step Id="synth_design"/>
  </Strategy>
</GenRun>
