<?xml version="1.0" encoding="UTF-8"?>
<GenRun Id="impl_1" LaunchPart="xc7a200tfbg676-2" LaunchTime="1751467944">
  <File Type="ROUTE-PWR" Name="simpleFSM_power_routed.rpt"/>
  <File Type="PA-TCL" Name="simpleFSM.tcl"/>
  <File Type="ROUTE-PWR-SUM" Name="simpleFSM_power_summary_routed.pb"/>
  <File Type="OPT-RQA-PB" Name="simpleFSM_rqa_opted.pb"/>
  <File Type="REPORTS-TCL" Name="simpleFSM_reports.tcl"/>
  <File Type="INIT-TIMING" Name="simpleFSM_timing_summary_init.rpt"/>
  <File Type="OPT-DCP" Name="simpleFSM_opt.dcp"/>
  <File Type="OPT-DRC" Name="simpleFSM_drc_opted.rpt"/>
  <File Type="OPT-METHODOLOGY-DRC" Name="simpleFSM_methodology_drc_opted.rpt"/>
  <File Type="OPT-HWDEF" Name="simpleFSM.hwdef"/>
  <File Type="OPT-TIMING" Name="simpleFSM_timing_summary_opted.rpt"/>
  <File Type="PWROPT-DCP" Name="simpleFSM_pwropt.dcp"/>
  <File Type="PWROPT-DRC" Name="simpleFSM_drc_pwropted.rpt"/>
  <File Type="PWROPT-TIMING" Name="simpleFSM_timing_summary_pwropted.rpt"/>
  <File Type="PLACE-DCP" Name="simpleFSM_placed.dcp"/>
  <File Type="PLACE-IO" Name="simpleFSM_io_placed.rpt"/>
  <File Type="PLACE-CLK" Name="simpleFSM_clock_utilization_placed.rpt"/>
  <File Type="PLACE-UTIL" Name="simpleFSM_utilization_placed.rpt"/>
  <File Type="PLACE-UTIL-PB" Name="simpleFSM_utilization_placed.pb"/>
  <File Type="PLACE-CTRL" Name="simpleFSM_control_sets_placed.rpt"/>
  <File Type="PLACE-SIMILARITY" Name="simpleFSM_incremental_reuse_placed.rpt"/>
  <File Type="PLACE-PRE-SIMILARITY" Name="simpleFSM_incremental_reuse_pre_placed.rpt"/>
  <File Type="BG-BIN" Name="simpleFSM.bin"/>
  <File Type="PLACE-TIMING" Name="simpleFSM_timing_summary_placed.rpt"/>
  <File Type="ROUTE-PWR-RPX" Name="simpleFSM_power_routed.rpx"/>
  <File Type="PLACE-RQA-PB" Name="simpleFSM_rqa_placed.pb"/>
  <File Type="POSTPLACE-PWROPT-DCP" Name="simpleFSM_postplace_pwropt.dcp"/>
  <File Type="BITSTR-MSK" Name="simpleFSM.msk"/>
  <File Type="POSTPLACE-PWROPT-TIMING" Name="simpleFSM_timing_summary_postplace_pwropted.rpt"/>
  <File Type="PHYSOPT-DCP" Name="simpleFSM_physopt.dcp"/>
  <File Type="PHYSOPT-DRC" Name="simpleFSM_drc_physopted.rpt"/>
  <File Type="BITSTR-RBT" Name="simpleFSM.rbt"/>
  <File Type="PHYSOPT-TIMING" Name="simpleFSM_timing_summary_physopted.rpt"/>
  <File Type="ROUTE-ERROR-DCP" Name="simpleFSM_routed_error.dcp"/>
  <File Type="ROUTE-DCP" Name="simpleFSM_routed.dcp"/>
  <File Type="ROUTE-BLACKBOX-DCP" Name="simpleFSM_routed_bb.dcp"/>
  <File Type="ROUTE-DRC" Name="simpleFSM_drc_routed.rpt"/>
  <File Type="ROUTE-DRC-PB" Name="simpleFSM_drc_routed.pb"/>
  <File Type="ROUTE-DRC-RPX" Name="simpleFSM_drc_routed.rpx"/>
  <File Type="ROUTE-METHODOLOGY-DRC" Name="simpleFSM_methodology_drc_routed.rpt"/>
  <File Type="ROUTE-METHODOLOGY-DRC-RPX" Name="simpleFSM_methodology_drc_routed.rpx"/>
  <File Type="ROUTE-METHODOLOGY-DRC-PB" Name="simpleFSM_methodology_drc_routed.pb"/>
  <File Type="ROUTE-RQS-PB" Name="simpleFSM_rqs_routed.pb"/>
  <File Type="ROUTE-STATUS" Name="simpleFSM_route_status.rpt"/>
  <File Type="ROUTE-STATUS-PB" Name="simpleFSM_route_status.pb"/>
  <File Type="ROUTE-TIMINGSUMMARY" Name="simpleFSM_timing_summary_routed.rpt"/>
  <File Type="ROUTE-TIMING-PB" Name="simpleFSM_timing_summary_routed.pb"/>
  <File Type="ROUTE-TIMING-RPX" Name="simpleFSM_timing_summary_routed.rpx"/>
  <File Type="ROUTE-SIMILARITY" Name="simpleFSM_incremental_reuse_routed.rpt"/>
  <File Type="ROUTE-CLK" Name="simpleFSM_clock_utilization_routed.rpt"/>
  <File Type="ROUTE-BUS-SKEW" Name="simpleFSM_bus_skew_routed.rpt"/>
  <File Type="ROUTE-BUS-SKEW-PB" Name="simpleFSM_bus_skew_routed.pb"/>
  <File Type="ROUTE-BUS-SKEW-RPX" Name="simpleFSM_bus_skew_routed.rpx"/>
  <File Type="POSTROUTE-PHYSOPT-DCP" Name="simpleFSM_postroute_physopt.dcp"/>
  <File Type="POSTROUTE-PHYSOPT-BLACKBOX-DCP" Name="simpleFSM_postroute_physopt_bb.dcp"/>
  <File Type="POSTROUTE-PHYSOPT-TIMING" Name="simpleFSM_timing_summary_postroute_physopted.rpt"/>
  <File Type="POSTROUTE-PHYSOPT-TIMING-PB" Name="simpleFSM_timing_summary_postroute_physopted.pb"/>
  <File Type="POSTROUTE-PHYSOPT-TIMING-RPX" Name="simpleFSM_timing_summary_postroute_physopted.rpx"/>
  <File Type="POSTROUTE-PHYSOPT-BUS-SKEW" Name="simpleFSM_bus_skew_postroute_physopted.rpt"/>
  <File Type="BG-BIT" Name="simpleFSM.bit"/>
  <File Type="POSTROUTE-PHYSOPT-BUS-SKEW-PB" Name="simpleFSM_bus_skew_postroute_physopted.pb"/>
  <File Type="POSTROUTE-PHYSOPT-BUS-SKEW-RPX" Name="simpleFSM_bus_skew_postroute_physopted.rpx"/>
  <File Type="BITSTR-NKY" Name="simpleFSM.nky"/>
  <File Type="BITSTR-BMM" Name="simpleFSM_bd.bmm"/>
  <File Type="BITSTR-MMI" Name="simpleFSM.mmi"/>
  <File Type="PDI-FILE" Name="simpleFSM.pdi"/>
  <File Type="BOOT-PDI-FILE" Name="simpleFSM_boot.pdi"/>
  <File Type="PL-PDI-FILE" Name="simpleFSM_pld.pdi"/>
  <File Type="RCFI_FILE" Name="simpleFSM.rcfi"/>
  <File Type="CFI_FILE" Name="simpleFSM.cfi"/>
  <File Type="RNPI_FILE" Name="simpleFSM.rnpi"/>
  <File Type="NPI_FILE" Name="simpleFSM.npi"/>
  <File Type="RBD_FILE" Name="simpleFSM.rbd"/>
  <File Type="BITSTR-LTX" Name="debug_nets.ltx"/>
  <File Type="BITSTR-LTX" Name="simpleFSM.ltx"/>
  <File Type="BITSTR-SYSDEF" Name="simpleFSM.sysdef"/>
  <File Type="BG-BGN" Name="simpleFSM.bgn"/>
  <File Type="BG-DRC" Name="simpleFSM.drc"/>
  <File Type="RDI-RDI" Name="simpleFSM.vdi"/>
  <File Type="WBT-USG" Name="usage_statistics_webtalk.html"/>
  <File Type="ROUTE-RQS" Name="simpleFSM_routed.rqs"/>
  <File Type="POSTROUTE-PHYSOPT-RQS" Name="simpleFSM_postroute_physopted.rqs"/>
  <File Type="ROUTE-RQS-RPT" Name="route_report_qor_suggestions_0.rpt"/>
  <File Type="POSTROUTE-PHYSOPT-RQS-RPT" Name="postroute_physopt_report_qor_suggestions_0.rpt"/>
  <FileSet Name="sources" Type="DesignSrcs" RelSrcDir="$PSRCDIR/sources_1" RelGenDir="$PGENDIR/sources_1">
    <Filter Type="Srcs"/>
    <File Path="$PPRDIR/../../Code/bram.v">
      <FileInfo>
        <Attr Name="UsedIn" Val="synthesis"/>
        <Attr Name="UsedIn" Val="implementation"/>
        <Attr Name="UsedIn" Val="simulation"/>
      </FileInfo>
    </File>
    <File Path="$PPRDIR/../../Code/simple_fsm.v">
      <FileInfo>
        <Attr Name="UsedIn" Val="synthesis"/>
        <Attr Name="UsedIn" Val="implementation"/>
        <Attr Name="UsedIn" Val="simulation"/>
      </FileInfo>
    </File>
    <Config>
      <Option Name="DesignMode" Val="RTL"/>
      <Option Name="TopModule" Val="simpleFSM"/>
      <Option Name="TopAutoSet" Val="TRUE"/>
    </Config>
  </FileSet>
  <FileSet Name="constrs_in" Type="Constrs" RelSrcDir="$PSRCDIR/constrs_1" RelGenDir="$PGENDIR/constrs_1">
    <Filter Type="Constrs"/>
    <File Path="$PPRDIR/../../Code/constraints.xdc">
      <FileInfo>
        <Attr Name="UsedIn" Val="synthesis"/>
        <Attr Name="UsedIn" Val="implementation"/>
      </FileInfo>
    </File>
    <Config>
      <Option Name="ConstrsType" Val="XDC"/>
    </Config>
  </FileSet>
  <FileSet Name="utils" Type="Utils" RelSrcDir="$PSRCDIR/utils_1" RelGenDir="$PGENDIR/utils_1">
    <Filter Type="Utils"/>
    <File Path="$PSRCDIR/utils_1/imports/synth_1/FSM_testbench.dcp">
      <FileInfo>
        <Attr Name="UsedIn" Val="synthesis"/>
        <Attr Name="UsedIn" Val="implementation"/>
        <Attr Name="UsedInSteps" Val="synth_1"/>
        <Attr Name="AutoDcp" Val="1"/>
      </FileInfo>
    </File>
    <Config>
      <Option Name="TopAutoSet" Val="TRUE"/>
    </Config>
  </FileSet>
  <Strategy Version="1" Minor="2">
    <StratHandle Name="Vivado Implementation Defaults" Flow="Vivado Implementation 2024"/>
    <Step Id="init_design"/>
    <Step Id="opt_design"/>
    <Step Id="power_opt_design"/>
    <Step Id="place_design"/>
    <Step Id="post_place_power_opt_design"/>
    <Step Id="phys_opt_design"/>
    <Step Id="route_design"/>
    <Step Id="post_route_phys_opt_design"/>
    <Step Id="write_bitstream"/>
  </Strategy>
</GenRun>
